Fecha,Valor,Sensor_Id,Hora,DiaSemana
2025-08-16 00:50:00,70.42,12,0,Saturday
2025-08-16 00:55:00,94.74,12,0,Saturday
2025-08-16 01:00:00,97.51,12,1,Saturday
2025-08-16 01:05:00,54.61,12,1,Saturday
2025-08-16 01:10:00,48.45,12,1,Saturday
2025-08-16 01:15:00,66.34,12,1,Saturday
2025-08-16 01:20:00,92.04,12,1,Saturday
2025-08-16 01:25:00,89.17,12,1,Saturday
2025-08-16 01:30:00,95.37,12,1,Saturday
2025-08-16 01:35:00,15.49,12,1,Saturday
2025-08-16 01:40:00,37.05,12,1,Saturday
2025-08-16 01:45:00,29.89,12,1,Saturday
2025-08-16 01:50:00,69.42,12,1,Saturday
2025-08-16 01:55:00,22.89,12,1,Saturday
2025-08-16 02:00:00,37.16,12,2,Saturday
2025-08-16 02:05:00,38.86,12,2,Saturday
2025-08-16 02:10:00,70.53,12,2,Saturday
2025-08-16 02:15:00,63.81,12,2,Saturday
2025-08-16 02:20:00,38.7,12,2,Saturday
2025-08-16 02:25:00,75.84,12,2,Saturday
2025-08-16 02:30:00,83.42,12,2,Saturday
2025-08-16 02:35:00,36.03,12,2,Saturday
2025-08-16 02:40:00,55.35,12,2,Saturday
2025-08-16 02:45:00,15.08,12,2,Saturday
2025-08-16 02:50:00,87.74,12,2,Saturday
2025-08-16 02:55:00,29.55,12,2,Saturday
2025-08-16 03:00:00,31.09,12,3,Saturday
2025-08-16 03:05:00,46.2,12,3,Saturday
2025-08-16 03:10:00,76.65,12,3,Saturday
2025-08-16 03:15:00,14.38,12,3,Saturday
2025-08-16 03:20:00,73.3,12,3,Saturday
2025-08-16 03:25:00,63.8,12,3,Saturday
2025-08-16 03:30:00,13.02,12,3,Saturday
2025-08-16 03:35:00,19.08,12,3,Saturday
2025-08-16 03:40:00,28.55,12,3,Saturday
2025-08-16 03:45:00,11.41,12,3,Saturday
2025-08-16 03:50:00,89.54,12,3,Saturday
2025-08-16 03:55:00,78.94,12,3,Saturday
2025-08-16 04:00:00,47.73,12,4,Saturday
2025-08-16 04:05:00,82.85,12,4,Saturday
2025-08-16 04:10:00,20.16,12,4,Saturday
2025-08-16 04:15:00,75.25,12,4,Saturday
2025-08-16 04:20:00,94.37,12,4,Saturday
2025-08-16 04:25:00,34.81,12,4,Saturday
2025-08-16 04:30:00,41.15,12,4,Saturday
2025-08-16 04:35:00,32.28,12,4,Saturday
2025-08-16 04:40:00,84.1,12,4,Saturday
2025-08-16 04:45:00,57.87,12,4,Saturday
2025-08-16 04:50:00,59.0,12,4,Saturday
2025-08-16 04:55:00,70.61,12,4,Saturday
2025-08-16 05:00:00,36.85,12,5,Saturday
2025-08-16 05:05:00,12.05,12,5,Saturday
2025-08-16 05:10:00,10.31,12,5,Saturday
2025-08-16 05:15:00,30.04,12,5,Saturday
2025-08-16 05:20:00,75.51,12,5,Saturday
2025-08-16 05:25:00,57.6,12,5,Saturday
2025-08-16 05:30:00,58.35,12,5,Saturday
2025-08-16 05:35:00,26.06,12,5,Saturday
2025-08-16 05:40:00,41.3,12,5,Saturday
2025-08-16 05:45:00,68.82,12,5,Saturday
2025-08-16 05:50:00,58.54,12,5,Saturday
2025-08-16 05:55:00,69.56,12,5,Saturday
2025-08-16 06:00:00,71.45,12,6,Saturday
2025-08-16 06:05:00,43.81,12,6,Saturday
2025-08-16 06:10:00,91.61,12,6,Saturday
2025-08-16 06:15:00,88.27,12,6,Saturday
2025-08-16 06:20:00,44.42,12,6,Saturday
2025-08-16 06:25:00,99.36,12,6,Saturday
2025-08-16 06:30:00,47.83,12,6,Saturday
2025-08-16 06:35:00,68.13,12,6,Saturday
2025-08-16 06:40:00,98.05,12,6,Saturday
2025-08-16 06:45:00,78.92,12,6,Saturday
2025-08-16 06:50:00,79.21,12,6,Saturday
2025-08-16 06:55:00,46.8,12,6,Saturday
2025-08-16 07:00:00,12.86,12,7,Saturday
2025-08-16 07:05:00,94.04,12,7,Saturday
2025-08-16 07:10:00,16.21,12,7,Saturday
2025-08-16 07:15:00,94.11,12,7,Saturday
2025-08-16 07:20:00,99.47,12,7,Saturday
2025-08-16 07:25:00,15.74,12,7,Saturday
2025-08-16 07:30:00,41.01,12,7,Saturday
2025-08-16 07:35:00,14.08,12,7,Saturday
2025-08-16 07:40:00,62.05,12,7,Saturday
2025-08-16 07:45:00,77.12,12,7,Saturday
2025-08-16 07:50:00,83.48,12,7,Saturday
2025-08-16 07:55:00,45.64,12,7,Saturday
2025-08-16 08:00:00,75.1,12,8,Saturday
2025-08-16 08:05:00,82.62,12,8,Saturday
2025-08-16 08:10:00,51.61,12,8,Saturday
2025-08-16 08:15:00,15.2,12,8,Saturday
2025-08-16 08:20:00,51.11,12,8,Saturday
2025-08-16 08:25:00,56.19,12,8,Saturday
2025-08-16 08:30:00,50.81,12,8,Saturday
2025-08-16 08:35:00,82.78,12,8,Saturday
2025-08-16 08:40:00,55.93,12,8,Saturday
2025-08-16 08:45:00,18.18,12,8,Saturday
2025-08-16 08:50:00,62.48,12,8,Saturday
2025-08-16 08:55:00,28.49,12,8,Saturday
2025-08-16 09:00:00,20.46,12,9,Saturday
2025-08-16 09:05:00,56.83,12,9,Saturday
2025-08-16 09:10:00,39.53,12,9,Saturday
2025-08-16 09:15:00,23.49,12,9,Saturday
2025-08-16 09:20:00,61.54,12,9,Saturday
2025-08-16 09:25:00,55.49,12,9,Saturday
2025-08-16 09:30:00,59.29,12,9,Saturday
2025-08-16 09:35:00,15.56,12,9,Saturday
2025-08-16 09:40:00,60.78,12,9,Saturday
2025-08-16 09:45:00,17.03,12,9,Saturday
2025-08-16 09:50:00,73.34,12,9,Saturday
2025-08-16 09:55:00,50.21,12,9,Saturday
2025-08-16 10:00:00,17.37,12,10,Saturday
2025-08-16 10:05:00,88.58,12,10,Saturday
2025-08-16 10:10:00,77.93,12,10,Saturday
2025-08-16 10:15:00,32.27,12,10,Saturday
2025-08-16 10:20:00,29.66,12,10,Saturday
2025-08-16 10:25:00,69.77,12,10,Saturday
2025-08-16 10:30:00,58.38,12,10,Saturday
2025-08-16 10:35:00,52.37,12,10,Saturday
2025-08-16 10:40:00,59.43,12,10,Saturday
2025-08-16 10:45:00,47.43,12,10,Saturday
2025-08-16 10:50:00,64.52,12,10,Saturday
2025-08-16 10:55:00,77.3,12,10,Saturday
2025-08-16 11:00:00,23.79,12,11,Saturday
2025-08-16 11:05:00,22.02,12,11,Saturday
2025-08-16 11:10:00,29.72,12,11,Saturday
2025-08-16 11:15:00,65.32,12,11,Saturday
2025-08-16 11:20:00,36.55,12,11,Saturday
2025-08-16 11:25:00,92.45,12,11,Saturday
2025-08-16 11:30:00,20.57,12,11,Saturday
2025-08-16 11:35:00,37.99,12,11,Saturday
2025-08-16 11:40:00,73.32,12,11,Saturday
2025-08-16 11:45:00,90.56,12,11,Saturday
2025-08-16 11:50:00,55.23,12,11,Saturday
2025-08-16 11:55:00,46.49,12,11,Saturday
2025-08-16 12:00:00,37.61,12,12,Saturday
2025-08-16 12:05:00,20.64,12,12,Saturday
2025-08-16 12:10:00,15.59,12,12,Saturday
2025-08-16 12:15:00,72.35,12,12,Saturday
2025-08-16 12:20:00,68.83,12,12,Saturday
2025-08-16 12:25:00,11.03,12,12,Saturday
2025-08-16 12:30:00,75.06,12,12,Saturday
2025-08-16 12:35:00,37.18,12,12,Saturday
2025-08-16 12:40:00,95.86,12,12,Saturday
2025-08-16 12:45:00,77.84,12,12,Saturday
2025-08-16 12:50:00,31.2,12,12,Saturday
2025-08-16 12:55:00,33.47,12,12,Saturday
2025-08-16 13:00:00,32.32,12,13,Saturday
2025-08-16 13:05:00,39.12,12,13,Saturday
2025-08-16 13:10:00,22.66,12,13,Saturday
2025-08-16 13:15:00,26.63,12,13,Saturday
2025-08-16 13:20:00,70.23,12,13,Saturday
2025-08-16 13:25:00,17.81,12,13,Saturday
2025-08-16 13:30:00,56.38,12,13,Saturday
2025-08-16 13:35:00,84.43,12,13,Saturday
2025-08-16 13:40:00,90.73,12,13,Saturday
2025-08-16 13:45:00,87.05,12,13,Saturday
2025-08-16 13:50:00,25.79,12,13,Saturday
2025-08-16 13:55:00,78.16,12,13,Saturday
2025-08-16 14:00:00,61.1,12,14,Saturday
2025-08-16 14:05:00,81.17,12,14,Saturday
2025-08-16 14:10:00,76.3,12,14,Saturday
2025-08-16 14:15:00,26.76,12,14,Saturday
2025-08-16 14:20:00,33.15,12,14,Saturday
2025-08-16 14:25:00,51.3,12,14,Saturday
2025-08-16 14:30:00,24.62,12,14,Saturday
2025-08-16 14:35:00,20.14,12,14,Saturday
2025-08-16 14:40:00,27.35,12,14,Saturday
2025-08-16 14:45:00,52.12,12,14,Saturday
2025-08-16 14:50:00,86.6,12,14,Saturday
2025-08-16 14:55:00,94.47,12,14,Saturday
2025-08-16 15:00:00,54.45,12,15,Saturday
2025-08-16 15:05:00,58.9,12,15,Saturday
2025-08-16 15:10:00,99.02,12,15,Saturday
2025-08-16 15:15:00,35.61,12,15,Saturday
2025-08-16 15:20:00,98.47,12,15,Saturday
2025-08-16 15:25:00,19.66,12,15,Saturday
2025-08-16 15:30:00,61.12,12,15,Saturday
2025-08-16 15:35:00,10.83,12,15,Saturday
2025-08-16 15:40:00,88.91,12,15,Saturday
2025-08-16 15:45:00,93.34,12,15,Saturday
2025-08-16 15:50:00,96.59,12,15,Saturday
2025-08-16 15:55:00,94.29,12,15,Saturday
2025-08-16 16:00:00,54.58,12,16,Saturday
2025-08-16 16:05:00,45.73,12,16,Saturday
2025-08-16 16:10:00,99.75,12,16,Saturday
2025-08-16 16:15:00,92.77,12,16,Saturday
2025-08-16 16:20:00,25.82,12,16,Saturday
2025-08-16 16:25:00,89.4,12,16,Saturday
2025-08-16 16:30:00,25.76,12,16,Saturday
2025-08-16 16:35:00,92.19,12,16,Saturday
2025-08-16 16:40:00,94.3,12,16,Saturday
2025-08-16 16:45:00,75.08,12,16,Saturday
2025-08-16 16:50:00,58.16,12,16,Saturday
2025-08-16 16:55:00,61.67,12,16,Saturday
2025-08-16 17:00:00,18.05,12,17,Saturday
2025-08-16 17:05:00,91.71,12,17,Saturday
2025-08-16 17:10:00,68.13,12,17,Saturday
2025-08-16 17:15:00,38.91,12,17,Saturday
2025-08-16 17:20:00,96.75,12,17,Saturday
2025-08-16 17:25:00,27.95,12,17,Saturday
2025-08-16 17:30:00,52.97,12,17,Saturday
2025-08-16 17:35:00,89.06,12,17,Saturday
2025-08-16 17:40:00,94.15,12,17,Saturday
2025-08-16 17:45:00,46.62,12,17,Saturday
2025-08-16 17:50:00,93.62,12,17,Saturday
2025-08-16 17:55:00,59.53,12,17,Saturday
2025-08-16 18:00:00,10.47,12,18,Saturday
2025-08-16 18:05:00,79.37,12,18,Saturday
2025-08-16 18:10:00,19.05,12,18,Saturday
2025-08-16 18:15:00,74.56,12,18,Saturday
2025-08-16 18:20:00,47.2,12,18,Saturday
2025-08-16 18:25:00,14.72,12,18,Saturday
2025-08-16 18:30:00,67.42,12,18,Saturday
2025-08-16 18:35:00,57.79,12,18,Saturday
2025-08-16 18:40:00,70.29,12,18,Saturday
2025-08-16 18:45:00,31.82,12,18,Saturday
2025-08-16 18:50:00,62.81,12,18,Saturday
2025-08-16 18:55:00,65.41,12,18,Saturday
2025-08-16 19:00:00,22.35,12,19,Saturday
2025-08-16 19:05:00,72.66,12,19,Saturday
2025-08-16 19:10:00,93.97,12,19,Saturday
2025-08-16 19:15:00,58.47,12,19,Saturday
2025-08-16 19:20:00,28.19,12,19,Saturday
2025-08-16 19:25:00,53.12,12,19,Saturday
2025-08-16 19:30:00,33.08,12,19,Saturday
2025-08-16 19:35:00,49.81,12,19,Saturday
2025-08-16 19:40:00,41.17,12,19,Saturday
2025-08-16 19:45:00,74.27,12,19,Saturday
2025-08-16 19:50:00,35.89,12,19,Saturday
2025-08-16 19:55:00,36.14,12,19,Saturday
2025-08-16 20:00:00,82.42,12,20,Saturday
2025-08-16 20:05:00,95.91,12,20,Saturday
2025-08-16 20:10:00,83.65,12,20,Saturday
2025-08-16 20:15:00,98.21,12,20,Saturday
2025-08-16 20:20:00,44.17,12,20,Saturday
2025-08-16 20:25:00,70.9,12,20,Saturday
2025-08-16 20:30:00,20.97,12,20,Saturday
2025-08-16 20:35:00,34.61,12,20,Saturday
2025-08-16 20:40:00,81.59,12,20,Saturday
2025-08-16 20:45:00,94.03,12,20,Saturday
2025-08-16 20:50:00,41.39,12,20,Saturday
2025-08-16 20:55:00,38.53,12,20,Saturday
2025-08-16 21:00:00,73.45,12,21,Saturday
2025-08-16 21:05:00,28.66,12,21,Saturday
2025-08-16 21:10:00,36.01,12,21,Saturday
2025-08-16 21:15:00,36.79,12,21,Saturday
2025-08-16 21:20:00,97.56,12,21,Saturday
2025-08-16 21:25:00,30.24,12,21,Saturday
2025-08-16 21:30:00,60.23,12,21,Saturday
2025-08-16 21:35:00,32.19,12,21,Saturday
2025-08-16 21:40:00,27.3,12,21,Saturday
2025-08-16 21:45:00,64.91,12,21,Saturday
2025-08-16 21:50:00,72.4,12,21,Saturday
2025-08-16 21:55:00,67.9,12,21,Saturday
2025-08-16 22:00:00,74.88,12,22,Saturday
2025-08-16 22:05:00,79.48,12,22,Saturday
2025-08-16 22:10:00,41.89,12,22,Saturday
2025-08-16 22:15:00,40.81,12,22,Saturday
2025-08-16 22:20:00,92.09,12,22,Saturday
2025-08-16 22:25:00,25.59,12,22,Saturday
2025-08-16 22:30:00,38.24,12,22,Saturday
2025-08-16 22:35:00,57.29,12,22,Saturday
2025-08-16 22:40:00,69.6,12,22,Saturday
2025-08-16 22:45:00,39.25,12,22,Saturday
2025-08-16 22:50:00,28.66,12,22,Saturday
2025-08-16 22:55:00,22.43,12,22,Saturday
2025-08-16 23:00:00,15.61,12,23,Saturday
2025-08-16 23:05:00,76.23,12,23,Saturday
2025-08-16 23:10:00,88.55,12,23,Saturday
2025-08-16 23:15:00,92.85,12,23,Saturday
2025-08-16 23:20:00,79.75,12,23,Saturday
2025-08-16 23:25:00,46.93,12,23,Saturday
2025-08-16 23:30:00,72.15,12,23,Saturday
2025-08-16 23:35:00,23.63,12,23,Saturday
2025-08-16 23:40:00,38.23,12,23,Saturday
2025-08-16 23:45:00,11.7,12,23,Saturday
2025-08-16 23:50:00,19.89,12,23,Saturday
2025-08-16 23:55:00,95.34,12,23,Saturday
2025-08-17 00:00:00,12.84,12,0,Sunday
2025-08-17 00:05:00,71.27,12,0,Sunday
2025-08-17 00:10:00,23.3,12,0,Sunday
2025-08-17 00:15:00,85.71,12,0,Sunday
2025-08-17 00:20:00,65.78,12,0,Sunday
2025-08-17 00:25:00,66.61,12,0,Sunday
2025-08-17 00:30:00,25.35,12,0,Sunday
2025-08-17 00:35:00,62.52,12,0,Sunday
2025-08-17 00:40:00,74.93,12,0,Sunday
2025-08-17 00:45:00,61.99,12,0,Sunday
2025-08-17 00:50:00,79.85,12,0,Sunday
2025-08-17 00:55:00,80.46,12,0,Sunday
2025-08-17 01:00:00,97.04,12,1,Sunday
2025-08-17 01:05:00,52.71,12,1,Sunday
2025-08-17 01:10:00,12.4,12,1,Sunday
2025-08-17 01:15:00,71.92,12,1,Sunday
2025-08-17 01:20:00,75.28,12,1,Sunday
2025-08-17 01:25:00,81.71,12,1,Sunday
2025-08-17 01:30:00,62.53,12,1,Sunday
2025-08-17 01:35:00,98.19,12,1,Sunday
2025-08-17 01:40:00,70.64,12,1,Sunday
2025-08-17 01:45:00,43.15,12,1,Sunday
2025-08-17 01:50:00,83.42,12,1,Sunday
2025-08-17 01:55:00,36.98,12,1,Sunday
2025-08-17 02:00:00,73.79,12,2,Sunday
2025-08-17 02:05:00,57.91,12,2,Sunday
2025-08-17 02:10:00,84.55,12,2,Sunday
2025-08-17 02:15:00,40.27,12,2,Sunday
2025-08-17 02:20:00,36.93,12,2,Sunday
2025-08-17 02:25:00,76.54,12,2,Sunday
2025-08-17 02:30:00,99.16,12,2,Sunday
2025-08-17 02:35:00,24.63,12,2,Sunday
2025-08-17 02:40:00,65.18,12,2,Sunday
2025-08-17 02:45:00,39.52,12,2,Sunday
2025-08-17 02:50:00,56.4,12,2,Sunday
2025-08-17 02:55:00,64.56,12,2,Sunday
2025-08-17 03:00:00,51.13,12,3,Sunday
2025-08-17 03:05:00,52.64,12,3,Sunday
2025-08-17 03:10:00,39.97,12,3,Sunday
2025-08-17 03:15:00,22.33,12,3,Sunday
2025-08-17 03:20:00,14.08,12,3,Sunday
2025-08-17 03:25:00,55.01,12,3,Sunday
2025-08-17 03:30:00,55.82,12,3,Sunday
2025-08-17 03:35:00,27.92,12,3,Sunday
2025-08-17 03:40:00,77.95,12,3,Sunday
2025-08-17 03:45:00,94.51,12,3,Sunday
2025-08-17 03:50:00,40.52,12,3,Sunday
2025-08-17 03:55:00,81.54,12,3,Sunday
2025-08-17 04:00:00,45.45,12,4,Sunday
2025-08-17 04:05:00,97.76,12,4,Sunday
2025-08-17 04:10:00,20.69,12,4,Sunday
2025-08-17 04:15:00,71.24,12,4,Sunday
2025-08-17 04:20:00,99.02,12,4,Sunday
2025-08-17 04:25:00,35.17,12,4,Sunday
2025-08-17 04:30:00,78.8,12,4,Sunday
2025-08-17 04:35:00,55.38,12,4,Sunday
2025-08-17 04:40:00,16.62,12,4,Sunday
2025-08-17 04:45:00,59.79,12,4,Sunday
2025-08-17 04:50:00,27.52,12,4,Sunday
2025-08-17 04:55:00,61.33,12,4,Sunday
2025-08-17 05:00:00,46.05,12,5,Sunday
2025-08-17 05:05:00,42.93,12,5,Sunday
2025-08-17 05:10:00,78.75,12,5,Sunday
2025-08-17 05:15:00,75.48,12,5,Sunday
2025-08-17 05:20:00,89.42,12,5,Sunday
2025-08-17 05:25:00,48.78,12,5,Sunday
2025-08-17 05:30:00,86.25,12,5,Sunday
2025-08-17 05:35:00,58.3,12,5,Sunday
2025-08-17 05:40:00,52.35,12,5,Sunday
2025-08-17 05:45:00,68.88,12,5,Sunday
2025-08-17 05:50:00,89.41,12,5,Sunday
2025-08-17 05:55:00,54.54,12,5,Sunday
2025-08-17 06:00:00,14.55,12,6,Sunday
2025-08-17 06:05:00,41.76,12,6,Sunday
2025-08-17 06:10:00,29.36,12,6,Sunday
2025-08-17 06:15:00,97.0,12,6,Sunday
2025-08-17 06:20:00,55.49,12,6,Sunday
2025-08-17 06:25:00,95.07,12,6,Sunday
2025-08-17 06:30:00,12.09,12,6,Sunday
2025-08-17 06:35:00,37.77,12,6,Sunday
2025-08-17 06:40:00,54.89,12,6,Sunday
2025-08-17 06:45:00,56.33,12,6,Sunday
2025-08-17 06:50:00,54.84,12,6,Sunday
2025-08-17 06:55:00,78.68,12,6,Sunday
2025-08-17 07:00:00,38.14,12,7,Sunday
2025-08-17 07:05:00,61.99,12,7,Sunday
2025-08-17 07:10:00,39.47,12,7,Sunday
2025-08-17 07:15:00,24.37,12,7,Sunday
2025-08-17 07:20:00,87.88,12,7,Sunday
2025-08-17 07:25:00,32.34,12,7,Sunday
2025-08-17 07:30:00,65.38,12,7,Sunday
2025-08-17 07:35:00,44.57,12,7,Sunday
2025-08-17 07:40:00,36.12,12,7,Sunday
2025-08-17 07:45:00,18.71,12,7,Sunday
2025-08-17 07:50:00,32.31,12,7,Sunday
2025-08-17 07:55:00,34.07,12,7,Sunday
2025-08-17 08:00:00,51.98,12,8,Sunday
2025-08-17 08:05:00,38.72,12,8,Sunday
2025-08-17 08:10:00,60.55,12,8,Sunday
2025-08-17 08:15:00,43.35,12,8,Sunday
2025-08-17 08:20:00,21.77,12,8,Sunday
2025-08-17 08:25:00,97.78,12,8,Sunday
2025-08-17 08:30:00,87.47,12,8,Sunday
2025-08-17 08:35:00,76.08,12,8,Sunday
2025-08-17 08:40:00,74.65,12,8,Sunday
2025-08-17 08:45:00,38.13,12,8,Sunday
2025-08-17 08:50:00,64.6,12,8,Sunday
2025-08-17 08:55:00,28.36,12,8,Sunday
2025-08-17 09:00:00,53.58,12,9,Sunday
2025-08-17 09:05:00,49.56,12,9,Sunday
2025-08-17 09:10:00,15.39,12,9,Sunday
2025-08-17 09:15:00,16.57,12,9,Sunday
2025-08-17 09:20:00,36.77,12,9,Sunday
2025-08-17 09:25:00,71.65,12,9,Sunday
2025-08-17 09:30:00,82.42,12,9,Sunday
2025-08-17 09:35:00,53.47,12,9,Sunday
2025-08-17 09:40:00,96.1,12,9,Sunday
2025-08-17 09:45:00,36.07,12,9,Sunday
2025-08-17 09:50:00,66.44,12,9,Sunday
2025-08-17 09:55:00,54.82,12,9,Sunday
2025-08-17 10:00:00,67.51,12,10,Sunday
2025-08-17 10:05:00,47.49,12,10,Sunday
2025-08-17 10:10:00,79.03,12,10,Sunday
2025-08-17 10:15:00,68.6,12,10,Sunday
2025-08-17 10:20:00,61.91,12,10,Sunday
2025-08-17 10:25:00,67.73,12,10,Sunday
2025-08-17 10:30:00,14.09,12,10,Sunday
2025-08-17 10:35:00,12.55,12,10,Sunday
2025-08-17 10:40:00,84.27,12,10,Sunday
2025-08-17 10:45:00,60.73,12,10,Sunday
2025-08-17 10:50:00,85.83,12,10,Sunday
2025-08-17 10:55:00,64.46,12,10,Sunday
2025-08-17 11:00:00,74.86,12,11,Sunday
2025-08-17 11:05:00,69.29,12,11,Sunday
2025-08-17 11:10:00,23.88,12,11,Sunday
2025-08-17 11:15:00,94.74,12,11,Sunday
2025-08-17 11:20:00,25.18,12,11,Sunday
2025-08-17 11:25:00,55.23,12,11,Sunday
2025-08-17 11:30:00,58.01,12,11,Sunday
2025-08-17 11:35:00,37.25,12,11,Sunday
2025-08-17 11:40:00,21.27,12,11,Sunday
2025-08-17 11:45:00,59.58,12,11,Sunday
2025-08-17 11:50:00,67.16,12,11,Sunday
2025-08-17 11:55:00,32.55,12,11,Sunday
2025-08-17 12:00:00,86.13,12,12,Sunday
2025-08-17 12:05:00,90.54,12,12,Sunday
2025-08-17 12:10:00,94.68,12,12,Sunday
2025-08-17 12:15:00,41.14,12,12,Sunday
2025-08-17 12:20:00,73.84,12,12,Sunday
2025-08-17 12:25:00,39.04,12,12,Sunday
2025-08-17 12:30:00,24.82,12,12,Sunday
2025-08-17 12:35:00,23.77,12,12,Sunday
2025-08-17 12:40:00,21.17,12,12,Sunday
2025-08-17 12:45:00,14.99,12,12,Sunday
2025-08-17 12:50:00,91.96,12,12,Sunday
2025-08-17 12:55:00,48.94,12,12,Sunday
2025-08-17 13:00:00,96.96,12,13,Sunday
2025-08-17 13:05:00,26.38,12,13,Sunday
2025-08-17 13:10:00,67.58,12,13,Sunday
2025-08-17 13:15:00,80.22,12,13,Sunday
2025-08-17 13:20:00,89.02,12,13,Sunday
2025-08-17 13:25:00,41.01,12,13,Sunday
2025-08-17 13:30:00,71.21,12,13,Sunday
2025-08-17 13:35:00,50.5,12,13,Sunday
2025-08-17 13:40:00,67.81,12,13,Sunday
2025-08-17 13:45:00,97.51,12,13,Sunday
2025-08-17 13:50:00,16.64,12,13,Sunday
2025-08-17 13:55:00,84.1,12,13,Sunday
2025-08-17 14:00:00,79.22,12,14,Sunday
2025-08-17 14:05:00,57.31,12,14,Sunday
2025-08-17 14:10:00,74.7,12,14,Sunday
2025-08-17 14:15:00,99.96,12,14,Sunday
2025-08-17 14:20:00,37.84,12,14,Sunday
2025-08-17 14:25:00,17.76,12,14,Sunday
2025-08-17 14:30:00,65.08,12,14,Sunday
2025-08-17 14:35:00,59.65,12,14,Sunday
2025-08-17 14:40:00,82.33,12,14,Sunday
2025-08-17 14:45:00,43.2,12,14,Sunday
2025-08-17 14:50:00,59.86,12,14,Sunday
2025-08-17 14:55:00,12.37,12,14,Sunday
2025-08-17 15:00:00,81.13,12,15,Sunday
2025-08-17 15:05:00,22.5,12,15,Sunday
2025-08-17 15:10:00,28.09,12,15,Sunday
2025-08-17 15:15:00,20.92,12,15,Sunday
2025-08-17 15:20:00,55.79,12,15,Sunday
2025-08-17 15:25:00,81.43,12,15,Sunday
2025-08-17 15:30:00,67.39,12,15,Sunday
2025-08-17 15:35:00,93.46,12,15,Sunday
2025-08-17 15:40:00,74.06,12,15,Sunday
2025-08-17 15:45:00,86.62,12,15,Sunday
2025-08-17 15:50:00,90.22,12,15,Sunday
2025-08-17 15:55:00,58.8,12,15,Sunday
2025-08-17 16:00:00,15.84,12,16,Sunday
2025-08-17 16:05:00,41.27,12,16,Sunday
2025-08-17 16:10:00,38.76,12,16,Sunday
2025-08-17 16:15:00,86.1,12,16,Sunday
2025-08-17 16:20:00,71.37,12,16,Sunday
2025-08-17 16:25:00,17.9,12,16,Sunday
2025-08-17 16:30:00,50.06,12,16,Sunday
2025-08-17 16:35:00,90.88,12,16,Sunday
2025-08-17 16:40:00,50.68,12,16,Sunday
2025-08-17 16:45:00,86.75,12,16,Sunday
2025-08-17 16:50:00,21.04,12,16,Sunday
2025-08-17 16:55:00,54.21,12,16,Sunday
2025-08-17 17:00:00,92.48,12,17,Sunday
2025-08-17 17:05:00,35.7,12,17,Sunday
2025-08-17 17:10:00,99.67,12,17,Sunday
2025-08-17 17:15:00,50.16,12,17,Sunday
2025-08-17 17:20:00,33.43,12,17,Sunday
2025-08-17 17:25:00,33.56,12,17,Sunday
2025-08-17 17:30:00,60.55,12,17,Sunday
2025-08-17 17:35:00,44.83,12,17,Sunday
2025-08-17 17:40:00,54.91,12,17,Sunday
2025-08-17 17:45:00,76.21,12,17,Sunday
2025-08-17 17:50:00,20.21,12,17,Sunday
2025-08-17 17:55:00,32.47,12,17,Sunday
2025-08-17 18:00:00,68.46,12,18,Sunday
2025-08-17 18:05:00,45.82,12,18,Sunday
2025-08-17 18:10:00,57.65,12,18,Sunday
2025-08-17 18:15:00,61.65,12,18,Sunday
2025-08-17 18:20:00,78.68,12,18,Sunday
2025-08-17 18:25:00,43.48,12,18,Sunday
2025-08-17 18:30:00,95.39,12,18,Sunday
2025-08-17 18:35:00,71.12,12,18,Sunday
2025-08-17 18:40:00,64.46,12,18,Sunday
2025-08-17 18:45:00,61.05,12,18,Sunday
2025-08-17 18:50:00,44.46,12,18,Sunday
2025-08-17 18:55:00,42.97,12,18,Sunday
2025-08-17 19:00:00,80.07,12,19,Sunday
2025-08-17 19:05:00,16.05,12,19,Sunday
2025-08-17 19:10:00,13.13,12,19,Sunday
2025-08-17 19:15:00,80.32,12,19,Sunday
2025-08-17 19:20:00,64.68,12,19,Sunday
2025-08-17 19:25:00,22.85,12,19,Sunday
2025-08-17 19:30:00,95.75,12,19,Sunday
2025-08-17 19:35:00,71.15,12,19,Sunday
2025-08-17 19:40:00,82.1,12,19,Sunday
2025-08-17 19:45:00,42.7,12,19,Sunday
2025-08-17 19:50:00,67.38,12,19,Sunday
2025-08-17 19:55:00,16.75,12,19,Sunday
2025-08-17 20:00:00,95.31,12,20,Sunday
2025-08-17 20:05:00,98.2,12,20,Sunday
2025-08-17 20:10:00,34.71,12,20,Sunday
2025-08-17 20:15:00,99.83,12,20,Sunday
2025-08-17 20:20:00,41.73,12,20,Sunday
2025-08-17 20:25:00,88.3,12,20,Sunday
2025-08-17 20:30:00,13.81,12,20,Sunday
2025-08-17 20:35:00,41.64,12,20,Sunday
2025-08-17 20:40:00,72.08,12,20,Sunday
2025-08-17 20:45:00,48.35,12,20,Sunday
2025-08-17 20:50:00,64.24,12,20,Sunday
2025-08-17 20:55:00,37.58,12,20,Sunday
2025-08-17 21:00:00,69.48,12,21,Sunday
2025-08-17 21:05:00,17.21,12,21,Sunday
2025-08-17 21:10:00,38.91,12,21,Sunday
2025-08-17 21:15:00,59.09,12,21,Sunday
2025-08-17 21:20:00,84.01,12,21,Sunday
2025-08-17 21:25:00,64.22,12,21,Sunday
2025-08-17 21:30:00,17.1,12,21,Sunday
2025-08-17 21:35:00,75.44,12,21,Sunday
2025-08-17 21:40:00,82.1,12,21,Sunday
2025-08-17 21:45:00,56.73,12,21,Sunday
2025-08-17 21:50:00,93.19,12,21,Sunday
2025-08-17 21:55:00,54.78,12,21,Sunday
2025-08-17 22:00:00,54.66,12,22,Sunday
2025-08-17 22:05:00,97.64,12,22,Sunday
2025-08-17 22:10:00,44.8,12,22,Sunday
2025-08-17 22:15:00,90.52,12,22,Sunday
2025-08-17 22:20:00,76.9,12,22,Sunday
2025-08-17 22:25:00,90.05,12,22,Sunday
2025-08-17 22:30:00,43.12,12,22,Sunday
2025-08-17 22:35:00,21.2,12,22,Sunday
2025-08-17 22:40:00,39.87,12,22,Sunday
2025-08-17 22:45:00,87.92,12,22,Sunday
2025-08-17 22:50:00,80.28,12,22,Sunday
2025-08-17 22:55:00,42.13,12,22,Sunday
2025-08-17 23:00:00,27.2,12,23,Sunday
2025-08-17 23:05:00,77.8,12,23,Sunday
2025-08-17 23:10:00,32.8,12,23,Sunday
2025-08-17 23:15:00,58.87,12,23,Sunday
2025-08-17 23:20:00,99.02,12,23,Sunday
2025-08-17 23:25:00,56.38,12,23,Sunday
2025-08-17 23:30:00,94.0,12,23,Sunday
2025-08-17 23:35:00,13.77,12,23,Sunday
2025-08-17 23:40:00,27.95,12,23,Sunday
2025-08-17 23:45:00,13.94,12,23,Sunday
2025-08-17 23:50:00,36.41,12,23,Sunday
2025-08-17 23:55:00,51.19,12,23,Sunday
2025-08-18 00:00:00,79.86,12,0,Monday
2025-08-18 00:05:00,15.68,12,0,Monday
2025-08-18 00:10:00,83.03,12,0,Monday
2025-08-18 00:15:00,66.86,12,0,Monday
2025-08-18 00:20:00,72.59,12,0,Monday
2025-08-18 00:25:00,51.82,12,0,Monday
2025-08-18 00:30:00,80.12,12,0,Monday
2025-08-18 00:35:00,25.76,12,0,Monday
2025-08-18 00:40:00,83.22,12,0,Monday
2025-08-18 00:45:00,59.14,12,0,Monday
2025-08-18 00:50:00,13.99,12,0,Monday
2025-08-18 00:55:00,39.93,12,0,Monday
2025-08-18 01:00:00,76.17,12,1,Monday
2025-08-18 01:05:00,79.44,12,1,Monday
2025-08-18 01:10:00,66.54,12,1,Monday
2025-08-18 01:15:00,75.96,12,1,Monday
2025-08-18 01:20:00,41.03,12,1,Monday
2025-08-18 01:25:00,80.97,12,1,Monday
2025-08-18 01:30:00,11.46,12,1,Monday
2025-08-18 01:35:00,32.83,12,1,Monday
2025-08-18 01:40:00,98.29,12,1,Monday
2025-08-18 01:45:00,67.21,12,1,Monday
2025-08-18 01:50:00,52.31,12,1,Monday
2025-08-18 01:55:00,45.14,12,1,Monday
2025-08-18 02:00:00,59.87,12,2,Monday
2025-08-18 02:05:00,98.95,12,2,Monday
2025-08-18 02:10:00,55.66,12,2,Monday
2025-08-18 02:15:00,57.35,12,2,Monday
2025-08-18 02:20:00,16.09,12,2,Monday
2025-08-18 02:25:00,97.72,12,2,Monday
2025-08-18 02:30:00,17.71,12,2,Monday
2025-08-18 02:35:00,69.79,12,2,Monday
2025-08-18 02:40:00,47.49,12,2,Monday
2025-08-18 02:45:00,31.65,12,2,Monday
2025-08-18 02:50:00,65.33,12,2,Monday
2025-08-18 02:55:00,48.63,12,2,Monday
2025-08-18 03:00:00,22.92,12,3,Monday
2025-08-18 03:05:00,31.77,12,3,Monday
2025-08-18 03:10:00,56.38,12,3,Monday
2025-08-18 03:15:00,11.48,12,3,Monday
2025-08-18 03:20:00,63.71,12,3,Monday
2025-08-18 03:25:00,91.46,12,3,Monday
2025-08-18 03:30:00,19.98,12,3,Monday
2025-08-18 03:35:00,51.14,12,3,Monday
2025-08-18 03:40:00,81.45,12,3,Monday
2025-08-18 03:45:00,47.78,12,3,Monday
2025-08-18 03:50:00,14.3,12,3,Monday
2025-08-18 03:55:00,37.1,12,3,Monday
2025-08-18 04:00:00,35.93,12,4,Monday
2025-08-18 04:05:00,20.01,12,4,Monday
2025-08-18 04:10:00,57.5,12,4,Monday
2025-08-18 04:15:00,75.45,12,4,Monday
2025-08-18 04:20:00,59.39,12,4,Monday
2025-08-18 04:25:00,85.15,12,4,Monday
2025-08-18 04:30:00,33.03,12,4,Monday
2025-08-18 04:35:00,17.13,12,4,Monday
2025-08-18 04:40:00,10.47,12,4,Monday
2025-08-18 04:45:00,50.37,12,4,Monday
2025-08-18 04:50:00,73.5,12,4,Monday
2025-08-18 04:55:00,22.49,12,4,Monday
2025-08-18 05:00:00,72.65,12,5,Monday
2025-08-18 05:05:00,84.68,12,5,Monday
2025-08-18 05:10:00,35.82,12,5,Monday
2025-08-18 05:15:00,22.38,12,5,Monday
2025-08-18 05:20:00,81.22,12,5,Monday
2025-08-18 05:25:00,68.5,12,5,Monday
2025-08-18 05:30:00,85.53,12,5,Monday
2025-08-18 05:35:00,93.77,12,5,Monday
2025-08-18 05:40:00,12.54,12,5,Monday
2025-08-18 05:45:00,43.74,12,5,Monday
2025-08-18 05:50:00,99.51,12,5,Monday
2025-08-18 05:55:00,31.22,12,5,Monday
2025-08-18 06:00:00,55.18,12,6,Monday
2025-08-18 06:05:00,14.79,12,6,Monday
2025-08-18 06:10:00,12.4,12,6,Monday
2025-08-18 06:15:00,41.46,12,6,Monday
2025-08-18 06:20:00,50.6,12,6,Monday
2025-08-18 06:25:00,29.98,12,6,Monday
2025-08-18 06:30:00,95.18,12,6,Monday
2025-08-18 06:35:00,49.37,12,6,Monday
2025-08-18 06:40:00,23.26,12,6,Monday
2025-08-18 06:45:00,91.48,12,6,Monday
2025-08-18 06:50:00,34.55,12,6,Monday
2025-08-18 06:55:00,78.68,12,6,Monday
2025-08-18 07:00:00,35.66,12,7,Monday
2025-08-18 07:05:00,86.6,12,7,Monday
2025-08-18 07:10:00,86.13,12,7,Monday
2025-08-18 07:15:00,19.23,12,7,Monday
2025-08-18 07:20:00,59.91,12,7,Monday
2025-08-18 07:25:00,88.67,12,7,Monday
2025-08-18 07:30:00,67.71,12,7,Monday
2025-08-18 07:35:00,32.5,12,7,Monday
2025-08-18 07:40:00,22.46,12,7,Monday
2025-08-18 07:45:00,82.11,12,7,Monday
2025-08-18 07:50:00,83.52,12,7,Monday
2025-08-18 07:55:00,96.96,12,7,Monday
2025-08-18 08:00:00,57.47,12,8,Monday
2025-08-18 08:05:00,44.37,12,8,Monday
2025-08-18 08:10:00,35.36,12,8,Monday
2025-08-18 08:15:00,51.55,12,8,Monday
2025-08-18 08:20:00,98.6,12,8,Monday
2025-08-18 08:25:00,95.24,12,8,Monday
2025-08-18 08:30:00,43.11,12,8,Monday
2025-08-18 08:35:00,85.16,12,8,Monday
2025-08-18 08:40:00,52.21,12,8,Monday
2025-08-18 08:45:00,82.78,12,8,Monday
2025-08-18 08:50:00,37.85,12,8,Monday
2025-08-18 08:55:00,58.06,12,8,Monday
2025-08-18 09:00:00,50.4,12,9,Monday
2025-08-18 09:05:00,77.37,12,9,Monday
2025-08-18 09:10:00,35.64,12,9,Monday
2025-08-18 09:15:00,49.98,12,9,Monday
2025-08-18 09:20:00,31.38,12,9,Monday
2025-08-18 09:25:00,70.87,12,9,Monday
2025-08-18 09:30:00,46.98,12,9,Monday
2025-08-18 09:35:00,49.39,12,9,Monday
2025-08-18 09:40:00,24.9,12,9,Monday
2025-08-18 09:45:00,82.81,12,9,Monday
2025-08-18 09:50:00,79.4,12,9,Monday
2025-08-18 09:55:00,84.82,12,9,Monday
2025-08-18 10:00:00,24.6,12,10,Monday
2025-08-18 10:05:00,43.9,12,10,Monday
2025-08-18 10:10:00,21.79,12,10,Monday
2025-08-18 10:15:00,78.97,12,10,Monday
2025-08-18 10:20:00,40.31,12,10,Monday
2025-08-18 10:25:00,13.4,12,10,Monday
2025-08-18 10:30:00,89.53,12,10,Monday
2025-08-18 10:35:00,85.16,12,10,Monday
2025-08-18 10:40:00,79.38,12,10,Monday
2025-08-18 10:45:00,19.1,12,10,Monday
2025-08-18 10:50:00,86.0,12,10,Monday
2025-08-18 10:55:00,16.94,12,10,Monday
2025-08-18 11:00:00,22.38,12,11,Monday
2025-08-18 11:05:00,30.39,12,11,Monday
2025-08-18 11:10:00,53.76,12,11,Monday
2025-08-18 11:15:00,95.29,12,11,Monday
2025-08-18 11:20:00,29.28,12,11,Monday
2025-08-18 11:25:00,26.22,12,11,Monday
2025-08-18 11:30:00,42.63,12,11,Monday
2025-08-18 11:35:00,42.56,12,11,Monday
2025-08-18 11:40:00,48.11,12,11,Monday
2025-08-18 11:45:00,68.14,12,11,Monday
2025-08-18 11:50:00,57.38,12,11,Monday
2025-08-18 11:55:00,71.69,12,11,Monday
2025-08-18 12:00:00,76.49,12,12,Monday
2025-08-18 12:05:00,84.61,12,12,Monday
2025-08-18 12:10:00,70.31,12,12,Monday
2025-08-18 12:15:00,83.19,12,12,Monday
2025-08-18 12:20:00,81.25,12,12,Monday
2025-08-18 12:25:00,43.9,12,12,Monday
2025-08-18 12:30:00,37.86,12,12,Monday
2025-08-18 12:35:00,94.42,12,12,Monday
2025-08-18 12:40:00,63.55,12,12,Monday
2025-08-18 12:45:00,45.28,12,12,Monday
2025-08-18 12:50:00,72.86,12,12,Monday
2025-08-18 12:55:00,97.09,12,12,Monday
2025-08-18 13:00:00,41.48,12,13,Monday
2025-08-18 13:05:00,22.73,12,13,Monday
2025-08-18 13:10:00,62.45,12,13,Monday
2025-08-18 13:15:00,40.0,12,13,Monday
2025-08-18 13:20:00,88.6,12,13,Monday
2025-08-18 13:25:00,91.57,12,13,Monday
2025-08-18 13:30:00,69.09,12,13,Monday
2025-08-18 13:35:00,75.14,12,13,Monday
2025-08-18 13:40:00,35.57,12,13,Monday
2025-08-18 13:45:00,71.05,12,13,Monday
2025-08-18 13:50:00,18.51,12,13,Monday
2025-08-18 13:55:00,15.93,12,13,Monday
2025-08-18 14:00:00,68.26,12,14,Monday
2025-08-18 14:05:00,81.03,12,14,Monday
2025-08-18 14:10:00,63.81,12,14,Monday
2025-08-18 14:15:00,40.45,12,14,Monday
2025-08-18 14:20:00,46.79,12,14,Monday
2025-08-18 14:25:00,35.46,12,14,Monday
2025-08-18 14:30:00,43.56,12,14,Monday
2025-08-18 14:35:00,24.29,12,14,Monday
2025-08-18 14:40:00,57.05,12,14,Monday
2025-08-18 14:45:00,49.55,12,14,Monday
2025-08-18 14:50:00,49.4,12,14,Monday
2025-08-18 14:55:00,32.3,12,14,Monday
2025-08-18 15:00:00,25.53,12,15,Monday
2025-08-18 15:05:00,55.41,12,15,Monday
2025-08-18 15:10:00,74.29,12,15,Monday
2025-08-18 15:15:00,40.91,12,15,Monday
2025-08-18 15:20:00,90.92,12,15,Monday
2025-08-18 15:25:00,19.32,12,15,Monday
2025-08-18 15:30:00,15.57,12,15,Monday
2025-08-18 15:35:00,23.58,12,15,Monday
2025-08-18 15:40:00,52.81,12,15,Monday
2025-08-18 15:45:00,38.94,12,15,Monday
2025-08-18 15:50:00,68.67,12,15,Monday
2025-08-18 15:55:00,82.88,12,15,Monday
2025-08-18 16:00:00,50.48,12,16,Monday
2025-08-18 16:05:00,90.63,12,16,Monday
2025-08-18 16:10:00,81.26,12,16,Monday
2025-08-18 16:15:00,59.89,12,16,Monday
2025-08-18 16:20:00,51.64,12,16,Monday
2025-08-18 16:25:00,55.64,12,16,Monday
2025-08-18 16:30:00,65.35,12,16,Monday
2025-08-18 16:35:00,86.98,12,16,Monday
2025-08-18 16:40:00,87.78,12,16,Monday
2025-08-18 16:45:00,16.91,12,16,Monday
2025-08-18 16:50:00,84.85,12,16,Monday
2025-08-18 16:55:00,15.12,12,16,Monday
2025-08-18 17:00:00,50.67,12,17,Monday
2025-08-18 17:05:00,37.94,12,17,Monday
2025-08-18 17:10:00,55.66,12,17,Monday
2025-08-18 17:15:00,15.06,12,17,Monday
2025-08-18 17:20:00,34.72,12,17,Monday
2025-08-18 17:25:00,37.25,12,17,Monday
2025-08-18 17:30:00,49.8,12,17,Monday
2025-08-18 17:35:00,16.15,12,17,Monday
2025-08-18 17:40:00,23.59,12,17,Monday
2025-08-18 17:45:00,66.45,12,17,Monday
2025-08-18 17:50:00,87.78,12,17,Monday
2025-08-18 17:55:00,66.21,12,17,Monday
2025-08-18 18:00:00,67.18,12,18,Monday
2025-08-18 18:05:00,60.8,12,18,Monday
2025-08-18 18:10:00,93.17,12,18,Monday
2025-08-18 18:15:00,50.4,12,18,Monday
2025-08-18 18:20:00,78.39,12,18,Monday
2025-08-18 18:25:00,77.9,12,18,Monday
2025-08-18 18:30:00,54.47,12,18,Monday
2025-08-18 18:35:00,79.56,12,18,Monday
2025-08-18 18:40:00,25.94,12,18,Monday
2025-08-18 18:45:00,69.0,12,18,Monday
2025-08-18 18:50:00,78.42,12,18,Monday
2025-08-18 18:55:00,64.22,12,18,Monday
2025-08-18 19:00:00,27.75,12,19,Monday
2025-08-18 19:05:00,23.18,12,19,Monday
2025-08-18 19:10:00,31.26,12,19,Monday
2025-08-18 19:15:00,83.35,12,19,Monday
2025-08-18 19:20:00,83.71,12,19,Monday
2025-08-18 19:25:00,75.46,12,19,Monday
2025-08-18 19:30:00,41.44,12,19,Monday
2025-08-18 19:35:00,91.53,12,19,Monday
2025-08-18 19:40:00,55.9,12,19,Monday
2025-08-18 19:45:00,20.26,12,19,Monday
2025-08-18 19:50:00,55.94,12,19,Monday
2025-08-18 19:55:00,25.13,12,19,Monday
2025-08-18 20:00:00,39.98,12,20,Monday
2025-08-18 20:05:00,40.56,12,20,Monday
2025-08-18 20:10:00,37.92,12,20,Monday
2025-08-18 20:15:00,45.62,12,20,Monday
2025-08-18 20:20:00,57.16,12,20,Monday
2025-08-18 20:25:00,63.0,12,20,Monday
2025-08-18 20:30:00,31.9,12,20,Monday
2025-08-18 20:35:00,86.0,12,20,Monday
2025-08-18 20:40:00,17.93,12,20,Monday
2025-08-18 20:45:00,92.78,12,20,Monday
2025-08-18 20:50:00,84.88,12,20,Monday
2025-08-18 20:55:00,65.63,12,20,Monday
2025-08-18 21:00:00,82.12,12,21,Monday
2025-08-18 21:05:00,39.23,12,21,Monday
2025-08-18 21:10:00,11.88,12,21,Monday
2025-08-18 21:15:00,20.37,12,21,Monday
2025-08-18 21:20:00,47.59,12,21,Monday
2025-08-18 21:25:00,73.85,12,21,Monday
2025-08-18 21:30:00,61.61,12,21,Monday
2025-08-18 21:35:00,61.82,12,21,Monday
2025-08-18 21:40:00,87.59,12,21,Monday
2025-08-18 21:45:00,92.9,12,21,Monday
2025-08-18 21:50:00,11.69,12,21,Monday
2025-08-18 21:55:00,13.81,12,21,Monday
2025-08-18 22:00:00,87.56,12,22,Monday
2025-08-18 22:05:00,16.49,12,22,Monday
2025-08-18 22:10:00,82.56,12,22,Monday
2025-08-18 22:15:00,85.0,12,22,Monday
2025-08-18 22:20:00,55.02,12,22,Monday
2025-08-18 22:25:00,73.33,12,22,Monday
2025-08-18 22:30:00,44.22,12,22,Monday
2025-08-18 22:35:00,25.81,12,22,Monday
2025-08-18 22:40:00,77.23,12,22,Monday
2025-08-18 22:45:00,10.7,12,22,Monday
2025-08-18 22:50:00,39.53,12,22,Monday
2025-08-18 22:55:00,33.0,12,22,Monday
2025-08-18 23:00:00,22.35,12,23,Monday
2025-08-18 23:05:00,29.01,12,23,Monday
2025-08-18 23:10:00,37.13,12,23,Monday
2025-08-18 23:15:00,10.69,12,23,Monday
2025-08-18 23:20:00,63.94,12,23,Monday
2025-08-18 23:25:00,45.57,12,23,Monday
2025-08-18 23:30:00,14.09,12,23,Monday
2025-08-18 23:35:00,70.04,12,23,Monday
2025-08-18 23:40:00,53.8,12,23,Monday
2025-08-18 23:45:00,71.06,12,23,Monday
2025-08-18 23:50:00,35.49,12,23,Monday
2025-08-18 23:55:00,48.69,12,23,Monday
2025-08-19 00:00:00,20.24,12,0,Tuesday
2025-08-19 00:05:00,77.94,12,0,Tuesday
2025-08-19 00:10:00,34.59,12,0,Tuesday
2025-08-19 00:15:00,49.78,12,0,Tuesday
2025-08-19 00:20:00,53.71,12,0,Tuesday
2025-08-19 00:25:00,69.57,12,0,Tuesday
2025-08-19 00:30:00,34.49,12,0,Tuesday
2025-08-19 00:35:00,70.66,12,0,Tuesday
2025-08-19 00:40:00,65.61,12,0,Tuesday
2025-08-19 00:45:00,24.17,12,0,Tuesday
2025-08-19 00:50:00,14.73,12,0,Tuesday
2025-08-19 00:55:00,17.65,12,0,Tuesday
2025-08-19 01:00:00,61.08,12,1,Tuesday
2025-08-19 01:05:00,79.92,12,1,Tuesday
2025-08-19 01:10:00,74.94,12,1,Tuesday
2025-08-19 01:15:00,43.3,12,1,Tuesday
2025-08-19 01:20:00,40.68,12,1,Tuesday
2025-08-19 01:25:00,47.78,12,1,Tuesday
2025-08-19 01:30:00,29.36,12,1,Tuesday
2025-08-19 01:35:00,77.15,12,1,Tuesday
2025-08-19 01:40:00,12.76,12,1,Tuesday
2025-08-19 01:45:00,66.99,12,1,Tuesday
2025-08-19 01:50:00,22.77,12,1,Tuesday
2025-08-19 01:55:00,46.07,12,1,Tuesday
2025-08-19 02:00:00,60.97,12,2,Tuesday
2025-08-19 02:05:00,88.29,12,2,Tuesday
2025-08-19 02:10:00,10.55,12,2,Tuesday
2025-08-19 02:15:00,40.58,12,2,Tuesday
2025-08-19 02:20:00,37.81,12,2,Tuesday
2025-08-19 02:25:00,73.24,12,2,Tuesday
2025-08-19 02:30:00,26.24,12,2,Tuesday
2025-08-19 02:35:00,34.07,12,2,Tuesday
2025-08-19 02:40:00,84.65,12,2,Tuesday
2025-08-19 02:45:00,93.62,12,2,Tuesday
2025-08-19 02:50:00,12.36,12,2,Tuesday
2025-08-19 02:55:00,67.84,12,2,Tuesday
2025-08-19 03:00:00,65.22,12,3,Tuesday
2025-08-19 03:05:00,83.66,12,3,Tuesday
2025-08-19 03:10:00,97.71,12,3,Tuesday
2025-08-19 03:15:00,86.06,12,3,Tuesday
2025-08-19 03:20:00,82.65,12,3,Tuesday
2025-08-19 03:25:00,61.67,12,3,Tuesday
2025-08-19 03:30:00,78.63,12,3,Tuesday
2025-08-19 03:35:00,43.08,12,3,Tuesday
2025-08-19 03:40:00,86.08,12,3,Tuesday
2025-08-19 03:45:00,19.74,12,3,Tuesday
2025-08-19 03:50:00,30.18,12,3,Tuesday
2025-08-19 03:55:00,69.11,12,3,Tuesday
2025-08-19 04:00:00,29.15,12,4,Tuesday
2025-08-19 04:05:00,62.01,12,4,Tuesday
2025-08-19 04:10:00,41.65,12,4,Tuesday
2025-08-19 04:15:00,64.04,12,4,Tuesday
2025-08-19 04:20:00,97.16,12,4,Tuesday
2025-08-19 04:25:00,74.9,12,4,Tuesday
2025-08-19 04:30:00,88.13,12,4,Tuesday
2025-08-19 04:35:00,77.53,12,4,Tuesday
2025-08-19 04:40:00,69.88,12,4,Tuesday
2025-08-19 04:45:00,41.82,12,4,Tuesday
2025-08-19 04:50:00,21.0,12,4,Tuesday
2025-08-19 04:55:00,39.67,12,4,Tuesday
2025-08-19 05:00:00,60.54,12,5,Tuesday
2025-08-19 05:05:00,62.78,12,5,Tuesday
2025-08-19 05:10:00,60.07,12,5,Tuesday
2025-08-19 05:15:00,83.06,12,5,Tuesday
2025-08-19 05:20:00,76.49,12,5,Tuesday
2025-08-19 05:25:00,18.69,12,5,Tuesday
2025-08-19 05:30:00,18.39,12,5,Tuesday
2025-08-19 05:35:00,84.86,12,5,Tuesday
2025-08-19 05:40:00,16.04,12,5,Tuesday
2025-08-19 05:45:00,93.07,12,5,Tuesday
2025-08-19 05:50:00,23.74,12,5,Tuesday
2025-08-19 05:55:00,43.69,12,5,Tuesday
2025-08-19 06:00:00,69.86,12,6,Tuesday
2025-08-19 06:05:00,48.41,12,6,Tuesday
2025-08-19 06:10:00,18.56,12,6,Tuesday
2025-08-19 06:15:00,47.44,12,6,Tuesday
2025-08-19 06:20:00,50.81,12,6,Tuesday
2025-08-19 06:25:00,40.5,12,6,Tuesday
2025-08-19 06:30:00,30.56,12,6,Tuesday
2025-08-19 06:35:00,50.64,12,6,Tuesday
2025-08-19 06:40:00,29.35,12,6,Tuesday
2025-08-19 06:45:00,74.88,12,6,Tuesday
2025-08-19 06:50:00,79.21,12,6,Tuesday
2025-08-19 06:55:00,68.58,12,6,Tuesday
2025-08-19 07:00:00,86.75,12,7,Tuesday
2025-08-19 07:05:00,73.16,12,7,Tuesday
2025-08-19 07:10:00,18.93,12,7,Tuesday
2025-08-19 07:15:00,64.49,12,7,Tuesday
2025-08-19 07:20:00,50.83,12,7,Tuesday
2025-08-19 07:25:00,57.75,12,7,Tuesday
2025-08-19 07:30:00,99.52,12,7,Tuesday
2025-08-19 07:35:00,39.27,12,7,Tuesday
2025-08-19 07:40:00,59.35,12,7,Tuesday
2025-08-19 07:45:00,66.98,12,7,Tuesday
2025-08-19 07:50:00,34.75,12,7,Tuesday
2025-08-19 07:55:00,15.91,12,7,Tuesday
2025-08-19 08:00:00,64.75,12,8,Tuesday
2025-08-19 08:05:00,17.27,12,8,Tuesday
2025-08-19 08:10:00,16.61,12,8,Tuesday
2025-08-19 08:15:00,91.87,12,8,Tuesday
2025-08-19 08:20:00,54.12,12,8,Tuesday
2025-08-19 08:25:00,71.75,12,8,Tuesday
2025-08-19 08:30:00,46.15,12,8,Tuesday
2025-08-19 08:35:00,53.11,12,8,Tuesday
2025-08-19 08:40:00,15.47,12,8,Tuesday
2025-08-19 08:45:00,96.76,12,8,Tuesday
2025-08-19 08:50:00,51.22,12,8,Tuesday
2025-08-19 08:55:00,56.93,12,8,Tuesday
2025-08-19 09:00:00,88.03,12,9,Tuesday
2025-08-19 09:05:00,80.49,12,9,Tuesday
2025-08-19 09:10:00,13.9,12,9,Tuesday
2025-08-19 09:15:00,95.09,12,9,Tuesday
2025-08-19 09:20:00,55.35,12,9,Tuesday
2025-08-19 09:25:00,19.81,12,9,Tuesday
2025-08-19 09:30:00,56.19,12,9,Tuesday
2025-08-19 09:35:00,80.02,12,9,Tuesday
2025-08-19 09:40:00,52.86,12,9,Tuesday
2025-08-19 09:45:00,77.11,12,9,Tuesday
2025-08-19 09:50:00,57.35,12,9,Tuesday
2025-08-19 09:55:00,76.75,12,9,Tuesday
2025-08-19 10:00:00,14.72,12,10,Tuesday
2025-08-19 10:05:00,25.68,12,10,Tuesday
2025-08-19 10:10:00,39.14,12,10,Tuesday
2025-08-19 10:15:00,31.41,12,10,Tuesday
2025-08-19 10:20:00,81.1,12,10,Tuesday
2025-08-19 10:25:00,11.34,12,10,Tuesday
2025-08-19 10:30:00,12.32,12,10,Tuesday
2025-08-19 10:35:00,69.5,12,10,Tuesday
2025-08-19 10:40:00,25.7,12,10,Tuesday
2025-08-19 10:45:00,32.56,12,10,Tuesday
2025-08-19 10:50:00,21.7,12,10,Tuesday
2025-08-19 10:55:00,23.02,12,10,Tuesday
2025-08-19 11:00:00,87.26,12,11,Tuesday
2025-08-19 11:05:00,10.26,12,11,Tuesday
2025-08-19 11:10:00,91.05,12,11,Tuesday
2025-08-19 11:15:00,23.28,12,11,Tuesday
2025-08-19 11:20:00,39.57,12,11,Tuesday
2025-08-19 11:25:00,88.27,12,11,Tuesday
2025-08-19 11:30:00,29.44,12,11,Tuesday
2025-08-19 11:35:00,28.64,12,11,Tuesday
2025-08-19 11:40:00,78.86,12,11,Tuesday
2025-08-19 11:45:00,16.17,12,11,Tuesday
2025-08-19 11:50:00,60.81,12,11,Tuesday
2025-08-19 11:55:00,21.33,12,11,Tuesday
2025-08-19 12:00:00,31.92,12,12,Tuesday
2025-08-19 12:05:00,80.81,12,12,Tuesday
